addressId,type,name,dateCreated,uniqueID
0x8d08aad4b2bac2bb761ac4781cf62468c9ec47b4,eoa,Hacker Address B,1682226334,1
0xb0606f433496bf66338b8ad6b6d51fc4d84a44cd,eoa,Hacker Address A,1697085445,2
0x8d08aad4b2bac2bb761ac4781cf62468c9ec47b4,eoa,Hacker Address B,1682226334,1
0x68b3465833fb72a70ecdf485e0e4c7bd8665fc45,contract,Haryanto,1667209528,3
0x8d08aad4b2bac2bb761ac4781cf62468c9ec47b4,eoa,Hacker Address B,1682226334,1
0x68b3465833fb72a70ecdf485e0e4c7bd8665fc45,contract,Haryanto,1667209528,3
0x58f56615180a8eea4c462235d9e215f72484b4a3,eoa,Deribit Exchange,1685838667,4
0x8d08aad4b2bac2bb761ac4781cf62468c9ec47b4,eoa,Hacker Address B,1682226334,1
0x8d08aad4b2bac2bb761ac4781cf62468c9ec47b4,eoa,Hacker Address B,1682226334,1
0xb0606f433496bf66338b8ad6b6d51fc4d84a44cd,eoa,Hacker Address A,1697085445,2
0x58f56615180a8eea4c462235d9e215f72484b4a3,eoa,Deribit Exchange,1685838667,4
0x8d08aad4b2bac2bb761ac4781cf62468c9ec47b4,eoa,Hacker Address B,1682226334,1
0x8d08aad4b2bac2bb761ac4781cf62468c9ec47b4,eoa,Hacker Address B,1682226334,1
0x68b3465833fb72a70ecdf485e0e4c7bd8665fc45,contract,Haryanto,1667209528,3
0x58f56615180a8eea4c462235d9e215f72484b4a3,eoa,Deribit Exchange,1685838667,4
0x8d08aad4b2bac2bb761ac4781cf62468c9ec47b4,eoa,Hacker Address B,1682226334,1
0xb0606f433496bf66338b8ad6b6d51fc4d84a44cd,eoa,Hacker Address A,1697085445,2
0x3089df0e2349faea1c8ec4a08593c137da10fe2d,eoa,Michael,1691711861,5
0xb0606f433496bf66338b8ad6b6d51fc4d84a44cd,eoa,Hacker Address A,1697085445,2
0xd90e2f925da726b50c4ed8d0fb90ad053324f31b,contract,End Receiver,1691461640,6
0xb0606f433496bf66338b8ad6b6d51fc4d84a44cd,eoa,Hacker Address A,1697085445,2
0xd90e2f925da726b50c4ed8d0fb90ad053324f31b,contract,End Receiver,1691461640,6
0xb0606f433496bf66338b8ad6b6d51fc4d84a44cd,eoa,Hacker Address A,1697085445,2
0xd90e2f925da726b50c4ed8d0fb90ad053324f31b,contract,End Receiver,1691461640,6
0xb0606f433496bf66338b8ad6b6d51fc4d84a44cd,eoa,Hacker Address A,1697085445,2
0xd90e2f925da726b50c4ed8d0fb90ad053324f31b,contract,End Receiver,1691461640,6
0xb0606f433496bf66338b8ad6b6d51fc4d84a44cd,eoa,Hacker Address A,1697085445,2
0xd90e2f925da726b50c4ed8d0fb90ad053324f31b,contract,End Receiver,1691461640,6
0xb0606f433496bf66338b8ad6b6d51fc4d84a44cd,eoa,Hacker Address A,1697085445,2
0xd90e2f925da726b50c4ed8d0fb90ad053324f31b,contract,End Receiver,1691461640,6
0xb0606f433496bf66338b8ad6b6d51fc4d84a44cd,eoa,Hacker Address A,1697085445,2
0xd90e2f925da726b50c4ed8d0fb90ad053324f31b,contract,End Receiver,1691461640,6
0xb0606f433496bf66338b8ad6b6d51fc4d84a44cd,eoa,Hacker Address A,1697085445,2
0xd90e2f925da726b50c4ed8d0fb90ad053324f31b,contract,End Receiver,1691461640,6
0xb0606f433496bf66338b8ad6b6d51fc4d84a44cd,eoa,Hacker Address A,1697085445,2
0xd90e2f925da726b50c4ed8d0fb90ad053324f31b,contract,End Receiver,1691461640,6
0xb0606f433496bf66338b8ad6b6d51fc4d84a44cd,eoa,Hacker Address A,1697085445,2
0xd90e2f925da726b50c4ed8d0fb90ad053324f31b,contract,End Receiver,1691461640,6
0xb0606f433496bf66338b8ad6b6d51fc4d84a44cd,eoa,Hacker Address A,1697085445,2
0xd90e2f925da726b50c4ed8d0fb90ad053324f31b,contract,End Receiver,1691461640,6
0xb0606f433496bf66338b8ad6b6d51fc4d84a44cd,eoa,Hacker Address A,1697085445,2
0xd90e2f925da726b50c4ed8d0fb90ad053324f31b,contract,End Receiver,1691461640,6
0xb0606f433496bf66338b8ad6b6d51fc4d84a44cd,eoa,Hacker Address A,1697085445,2
0xd90e2f925da726b50c4ed8d0fb90ad053324f31b,contract,End Receiver,1691461640,6
0xb0606f433496bf66338b8ad6b6d51fc4d84a44cd,eoa,Hacker Address A,1697085445,2
0xd90e2f925da726b50c4ed8d0fb90ad053324f31b,contract,End Receiver,1691461640,6
0xb0606f433496bf66338b8ad6b6d51fc4d84a44cd,eoa,Hacker Address A,1697085445,2
0xd90e2f925da726b50c4ed8d0fb90ad053324f31b,contract,End Receiver,1691461640,6
0xb0606f433496bf66338b8ad6b6d51fc4d84a44cd,eoa,Hacker Address A,1697085445,2
0xd90e2f925da726b50c4ed8d0fb90ad053324f31b,contract,End Receiver,1691461640,6
0xb0606f433496bf66338b8ad6b6d51fc4d84a44cd,eoa,Hacker Address A,1697085445,2
0xd90e2f925da726b50c4ed8d0fb90ad053324f31b,contract,End Receiver,1691461640,6
0x235f10ac97bb9e23984bacadc52f6993b53a24cf,eoa,Axel,1693014256,7
0xb0606f433496bf66338b8ad6b6d51fc4d84a44cd,eoa,Hacker Address A,1697085445,2
0x8d08aad4b2bac2bb761ac4781cf62468c9ec47b4,eoa,Hacker Address B,1682226334,1
0xb0606f433496bf66338b8ad6b6d51fc4d84a44cd,eoa,Hacker Address A,1697085445,2
0x1ef75d33baa2047ffe6baf601b7255f8f48f702c,eoa,Charson,1670308465,8
0xb0606f433496bf66338b8ad6b6d51fc4d84a44cd,eoa,Hacker Address A,1697085445,2
0xc7317c5c439f31e5100d907eabf70b7f3cbc739a,eoa,Stefanus,1691336428,9
0xb0606f433496bf66338b8ad6b6d51fc4d84a44cd,eoa,Hacker Address A,1697085445,2
0x04a90964c7c5c4ec1a97e34e426a24ce6dc36659,eoa,Joshua,1665846699,10
0xb0606f433496bf66338b8ad6b6d51fc4d84a44cd,eoa,Hacker Address A,1697085445,2
0x4e6fec28f5316c2829d41bc2187202c70ec75bc7,eoa,William,1678427149,11
0xb0606f433496bf66338b8ad6b6d51fc4d84a44cd,eoa,Hacker Address A,1697085445,2
0x8d08aad4b2bac2bb761ac4781cf62468c9ec47b4,eoa,Hacker Address B,1682226334,1
0xb0606f433496bf66338b8ad6b6d51fc4d84a44cd,eoa,Hacker Address A,1697085445,2
0x3089df0e2349faea1c8ec4a08593c137da10fe2d,eoa,Michael,1691711861,5
0x2eaca4958ed323125c5ec63c5e291fbcec01c8d0,eoa,Guito,1695558906,12
0x3089df0e2349faea1c8ec4a08593c137da10fe2d,eoa,Michael,1691711861,5
0x1fd95a4699e5415387ca8df18973b1a8c0a8300e,eoa,Devlin,1667955934,13
0x3089df0e2349faea1c8ec4a08593c137da10fe2d,eoa,Michael,1691711861,5
0xd90e2f925da726b50c4ed8d0fb90ad053324f31b,contract,End Receiver,1691461640,6
0x3089df0e2349faea1c8ec4a08593c137da10fe2d,eoa,Michael,1691711861,5
0xd90e2f925da726b50c4ed8d0fb90ad053324f31b,contract,End Receiver,1691461640,6
0x3089df0e2349faea1c8ec4a08593c137da10fe2d,eoa,Michael,1691711861,5
0xd90e2f925da726b50c4ed8d0fb90ad053324f31b,contract,End Receiver,1691461640,6
0x3089df0e2349faea1c8ec4a08593c137da10fe2d,eoa,Michael,1691711861,5
0xd90e2f925da726b50c4ed8d0fb90ad053324f31b,contract,End Receiver,1691461640,6
0x3089df0e2349faea1c8ec4a08593c137da10fe2d,eoa,Michael,1691711861,5
0xd90e2f925da726b50c4ed8d0fb90ad053324f31b,contract,End Receiver,1691461640,6
0x3089df0e2349faea1c8ec4a08593c137da10fe2d,eoa,Michael,1691711861,5
0xd90e2f925da726b50c4ed8d0fb90ad053324f31b,contract,End Receiver,1691461640,6
0x3089df0e2349faea1c8ec4a08593c137da10fe2d,eoa,Michael,1691711861,5
0xd90e2f925da726b50c4ed8d0fb90ad053324f31b,contract,End Receiver,1691461640,6
0x3089df0e2349faea1c8ec4a08593c137da10fe2d,eoa,Michael,1691711861,5
0xd90e2f925da726b50c4ed8d0fb90ad053324f31b,contract,End Receiver,1691461640,6
0x3089df0e2349faea1c8ec4a08593c137da10fe2d,eoa,Michael,1691711861,5
0xd90e2f925da726b50c4ed8d0fb90ad053324f31b,contract,End Receiver,1691461640,6
0x3089df0e2349faea1c8ec4a08593c137da10fe2d,eoa,Michael,1691711861,5
0xd90e2f925da726b50c4ed8d0fb90ad053324f31b,contract,End Receiver,1691461640,6
0x3089df0e2349faea1c8ec4a08593c137da10fe2d,eoa,Michael,1691711861,5
0xd90e2f925da726b50c4ed8d0fb90ad053324f31b,contract,End Receiver,1691461640,6
0x3089df0e2349faea1c8ec4a08593c137da10fe2d,eoa,Michael,1691711861,5
0xd90e2f925da726b50c4ed8d0fb90ad053324f31b,contract,End Receiver,1691461640,6
0x3089df0e2349faea1c8ec4a08593c137da10fe2d,eoa,Michael,1691711861,5
0xd90e2f925da726b50c4ed8d0fb90ad053324f31b,contract,End Receiver,1691461640,6
0x3089df0e2349faea1c8ec4a08593c137da10fe2d,eoa,Michael,1691711861,5
0xd90e2f925da726b50c4ed8d0fb90ad053324f31b,contract,End Receiver,1691461640,6
0x3089df0e2349faea1c8ec4a08593c137da10fe2d,eoa,Michael,1691711861,5
0xd90e2f925da726b50c4ed8d0fb90ad053324f31b,contract,End Receiver,1691461640,6
0x3089df0e2349faea1c8ec4a08593c137da10fe2d,eoa,Michael,1691711861,5
0xd90e2f925da726b50c4ed8d0fb90ad053324f31b,contract,End Receiver,1691461640,6
0x3089df0e2349faea1c8ec4a08593c137da10fe2d,eoa,Michael,1691711861,5
0xd90e2f925da726b50c4ed8d0fb90ad053324f31b,contract,End Receiver,1691461640,6
0x3089df0e2349faea1c8ec4a08593c137da10fe2d,eoa,Michael,1691711861,5
0xd90e2f925da726b50c4ed8d0fb90ad053324f31b,contract,End Receiver,1691461640,6
0xc5c25a97514f9cbdc04eaf69e4c51f0a3b6e05b2,eoa,Oscarina,1694710745,14
0x3089df0e2349faea1c8ec4a08593c137da10fe2d,eoa,Michael,1691711861,5
0x3089df0e2349faea1c8ec4a08593c137da10fe2d,eoa,Michael,1691711861,5
0xd90e2f925da726b50c4ed8d0fb90ad053324f31b,contract,End Receiver,1691461640,6
0x3089df0e2349faea1c8ec4a08593c137da10fe2d,eoa,Michael,1691711861,5
0xd90e2f925da726b50c4ed8d0fb90ad053324f31b,contract,End Receiver,1691461640,6
0x3089df0e2349faea1c8ec4a08593c137da10fe2d,eoa,Michael,1691711861,5
0xd90e2f925da726b50c4ed8d0fb90ad053324f31b,contract,End Receiver,1691461640,6
0x3089df0e2349faea1c8ec4a08593c137da10fe2d,eoa,Michael,1691711861,5
0xd90e2f925da726b50c4ed8d0fb90ad053324f31b,contract,End Receiver,1691461640,6
0x3089df0e2349faea1c8ec4a08593c137da10fe2d,eoa,Michael,1691711861,5
0xd90e2f925da726b50c4ed8d0fb90ad053324f31b,contract,End Receiver,1691461640,6
0x3089df0e2349faea1c8ec4a08593c137da10fe2d,eoa,Michael,1691711861,5
0xd90e2f925da726b50c4ed8d0fb90ad053324f31b,contract,End Receiver,1691461640,6
0x3089df0e2349faea1c8ec4a08593c137da10fe2d,eoa,Michael,1691711861,5
0xd90e2f925da726b50c4ed8d0fb90ad053324f31b,contract,End Receiver,1691461640,6
0x3089df0e2349faea1c8ec4a08593c137da10fe2d,eoa,Michael,1691711861,5
0xd90e2f925da726b50c4ed8d0fb90ad053324f31b,contract,End Receiver,1691461640,6
0x3089df0e2349faea1c8ec4a08593c137da10fe2d,eoa,Michael,1691711861,5
0xd90e2f925da726b50c4ed8d0fb90ad053324f31b,contract,End Receiver,1691461640,6
0x3089df0e2349faea1c8ec4a08593c137da10fe2d,eoa,Michael,1691711861,5
0xd90e2f925da726b50c4ed8d0fb90ad053324f31b,contract,End Receiver,1691461640,6
0x3089df0e2349faea1c8ec4a08593c137da10fe2d,eoa,Michael,1691711861,5
0xd90e2f925da726b50c4ed8d0fb90ad053324f31b,contract,End Receiver,1691461640,6
0x3089df0e2349faea1c8ec4a08593c137da10fe2d,eoa,Michael,1691711861,5
0xd90e2f925da726b50c4ed8d0fb90ad053324f31b,contract,End Receiver,1691461640,6
0x3089df0e2349faea1c8ec4a08593c137da10fe2d,eoa,Michael,1691711861,5
0xd90e2f925da726b50c4ed8d0fb90ad053324f31b,contract,End Receiver,1691461640,6
0x3089df0e2349faea1c8ec4a08593c137da10fe2d,eoa,Michael,1691711861,5
0xd90e2f925da726b50c4ed8d0fb90ad053324f31b,contract,End Receiver,1691461640,6
0x3089df0e2349faea1c8ec4a08593c137da10fe2d,eoa,Michael,1691711861,5
0xd90e2f925da726b50c4ed8d0fb90ad053324f31b,contract,End Receiver,1691461640,6
0x3089df0e2349faea1c8ec4a08593c137da10fe2d,eoa,Michael,1691711861,5
0xd90e2f925da726b50c4ed8d0fb90ad053324f31b,contract,End Receiver,1691461640,6
0x3089df0e2349faea1c8ec4a08593c137da10fe2d,eoa,Michael,1691711861,5
0xd90e2f925da726b50c4ed8d0fb90ad053324f31b,contract,End Receiver,1691461640,6
0x3089df0e2349faea1c8ec4a08593c137da10fe2d,eoa,Michael,1691711861,5
0xd90e2f925da726b50c4ed8d0fb90ad053324f31b,contract,End Receiver,1691461640,6
0x3089df0e2349faea1c8ec4a08593c137da10fe2d,eoa,Michael,1691711861,5
0xd90e2f925da726b50c4ed8d0fb90ad053324f31b,contract,End Receiver,1691461640,6
0x3089df0e2349faea1c8ec4a08593c137da10fe2d,eoa,Michael,1691711861,5
0xd90e2f925da726b50c4ed8d0fb90ad053324f31b,contract,End Receiver,1691461640,6
0x3089df0e2349faea1c8ec4a08593c137da10fe2d,eoa,Michael,1691711861,5
0xd90e2f925da726b50c4ed8d0fb90ad053324f31b,contract,End Receiver,1691461640,6
0x3089df0e2349faea1c8ec4a08593c137da10fe2d,eoa,Michael,1691711861,5
0xd90e2f925da726b50c4ed8d0fb90ad053324f31b,contract,End Receiver,1691461640,6
0x3089df0e2349faea1c8ec4a08593c137da10fe2d,eoa,Michael,1691711861,5
0xd90e2f925da726b50c4ed8d0fb90ad053324f31b,contract,End Receiver,1691461640,6
0x3089df0e2349faea1c8ec4a08593c137da10fe2d,eoa,Michael,1691711861,5
0xd90e2f925da726b50c4ed8d0fb90ad053324f31b,contract,End Receiver,1691461640,6
0x3089df0e2349faea1c8ec4a08593c137da10fe2d,eoa,Michael,1691711861,5
0xd90e2f925da726b50c4ed8d0fb90ad053324f31b,contract,End Receiver,1691461640,6
0x3089df0e2349faea1c8ec4a08593c137da10fe2d,eoa,Michael,1691711861,5
0xd90e2f925da726b50c4ed8d0fb90ad053324f31b,contract,End Receiver,1691461640,6
0x3089df0e2349faea1c8ec4a08593c137da10fe2d,eoa,Michael,1691711861,5
0xd90e2f925da726b50c4ed8d0fb90ad053324f31b,contract,End Receiver,1691461640,6
0x3089df0e2349faea1c8ec4a08593c137da10fe2d,eoa,Michael,1691711861,5
0xd90e2f925da726b50c4ed8d0fb90ad053324f31b,contract,End Receiver,1691461640,6
0x3089df0e2349faea1c8ec4a08593c137da10fe2d,eoa,Michael,1691711861,5
0xd90e2f925da726b50c4ed8d0fb90ad053324f31b,contract,End Receiver,1691461640,6
0x3089df0e2349faea1c8ec4a08593c137da10fe2d,eoa,Michael,1691711861,5
0xd90e2f925da726b50c4ed8d0fb90ad053324f31b,contract,End Receiver,1691461640,6
0x3089df0e2349faea1c8ec4a08593c137da10fe2d,eoa,Michael,1691711861,5
0xd90e2f925da726b50c4ed8d0fb90ad053324f31b,contract,End Receiver,1691461640,6
0x3089df0e2349faea1c8ec4a08593c137da10fe2d,eoa,Michael,1691711861,5
0xd90e2f925da726b50c4ed8d0fb90ad053324f31b,contract,End Receiver,1691461640,6
0x3089df0e2349faea1c8ec4a08593c137da10fe2d,eoa,Michael,1691711861,5
0xd90e2f925da726b50c4ed8d0fb90ad053324f31b,contract,End Receiver,1691461640,6
0x3089df0e2349faea1c8ec4a08593c137da10fe2d,eoa,Michael,1691711861,5
0xd90e2f925da726b50c4ed8d0fb90ad053324f31b,contract,End Receiver,1691461640,6
0x3089df0e2349faea1c8ec4a08593c137da10fe2d,eoa,Michael,1691711861,5
0xd90e2f925da726b50c4ed8d0fb90ad053324f31b,contract,End Receiver,1691461640,6
0x3089df0e2349faea1c8ec4a08593c137da10fe2d,eoa,Michael,1691711861,5
0xd90e2f925da726b50c4ed8d0fb90ad053324f31b,contract,End Receiver,1691461640,6
0x3089df0e2349faea1c8ec4a08593c137da10fe2d,eoa,Michael,1691711861,5
0xd90e2f925da726b50c4ed8d0fb90ad053324f31b,contract,End Receiver,1691461640,6
0x3089df0e2349faea1c8ec4a08593c137da10fe2d,eoa,Michael,1691711861,5
0xd90e2f925da726b50c4ed8d0fb90ad053324f31b,contract,End Receiver,1691461640,6
0x3089df0e2349faea1c8ec4a08593c137da10fe2d,eoa,Michael,1691711861,5
0xd90e2f925da726b50c4ed8d0fb90ad053324f31b,contract,End Receiver,1691461640,6
0x3089df0e2349faea1c8ec4a08593c137da10fe2d,eoa,Michael,1691711861,5
0xd90e2f925da726b50c4ed8d0fb90ad053324f31b,contract,End Receiver,1691461640,6
0x3089df0e2349faea1c8ec4a08593c137da10fe2d,eoa,Michael,1691711861,5
0xd90e2f925da726b50c4ed8d0fb90ad053324f31b,contract,End Receiver,1691461640,6
0x3089df0e2349faea1c8ec4a08593c137da10fe2d,eoa,Michael,1691711861,5
0xd90e2f925da726b50c4ed8d0fb90ad053324f31b,contract,End Receiver,1691461640,6
0x3089df0e2349faea1c8ec4a08593c137da10fe2d,eoa,Michael,1691711861,5
0xd90e2f925da726b50c4ed8d0fb90ad053324f31b,contract,End Receiver,1691461640,6
0x3089df0e2349faea1c8ec4a08593c137da10fe2d,eoa,Michael,1691711861,5
0xd90e2f925da726b50c4ed8d0fb90ad053324f31b,contract,End Receiver,1691461640,6
0x3089df0e2349faea1c8ec4a08593c137da10fe2d,eoa,Michael,1691711861,5
0xd90e2f925da726b50c4ed8d0fb90ad053324f31b,contract,End Receiver,1691461640,6
0x3089df0e2349faea1c8ec4a08593c137da10fe2d,eoa,Michael,1691711861,5
0xd90e2f925da726b50c4ed8d0fb90ad053324f31b,contract,End Receiver,1691461640,6
0x3089df0e2349faea1c8ec4a08593c137da10fe2d,eoa,Michael,1691711861,5
0xd90e2f925da726b50c4ed8d0fb90ad053324f31b,contract,End Receiver,1691461640,6
0x3089df0e2349faea1c8ec4a08593c137da10fe2d,eoa,Michael,1691711861,5
0xd90e2f925da726b50c4ed8d0fb90ad053324f31b,contract,End Receiver,1691461640,6
0x3089df0e2349faea1c8ec4a08593c137da10fe2d,eoa,Michael,1691711861,5
0xd90e2f925da726b50c4ed8d0fb90ad053324f31b,contract,End Receiver,1691461640,6
0x3089df0e2349faea1c8ec4a08593c137da10fe2d,eoa,Michael,1691711861,5
0xd90e2f925da726b50c4ed8d0fb90ad053324f31b,contract,End Receiver,1691461640,6
0x3089df0e2349faea1c8ec4a08593c137da10fe2d,eoa,Michael,1691711861,5
0xd90e2f925da726b50c4ed8d0fb90ad053324f31b,contract,End Receiver,1691461640,6
0x3089df0e2349faea1c8ec4a08593c137da10fe2d,eoa,Michael,1691711861,5
0xd90e2f925da726b50c4ed8d0fb90ad053324f31b,contract,End Receiver,1691461640,6
0x3089df0e2349faea1c8ec4a08593c137da10fe2d,eoa,Michael,1691711861,5
0xd90e2f925da726b50c4ed8d0fb90ad053324f31b,contract,End Receiver,1691461640,6
0x3089df0e2349faea1c8ec4a08593c137da10fe2d,eoa,Michael,1691711861,5
0xd90e2f925da726b50c4ed8d0fb90ad053324f31b,contract,End Receiver,1691461640,6
0x3089df0e2349faea1c8ec4a08593c137da10fe2d,eoa,Michael,1691711861,5
0x3089df0e2349faea1c8ec4a08593c137da10fe2d,eoa,Michael,1691711861,5
0x3089df0e2349faea1c8ec4a08593c137da10fe2d,eoa,Michael,1691711861,5
0xd90e2f925da726b50c4ed8d0fb90ad053324f31b,contract,End Receiver,1691461640,6
0x3089df0e2349faea1c8ec4a08593c137da10fe2d,eoa,Michael,1691711861,5
0xd90e2f925da726b50c4ed8d0fb90ad053324f31b,contract,End Receiver,1691461640,6
0x3089df0e2349faea1c8ec4a08593c137da10fe2d,eoa,Michael,1691711861,5
0xd90e2f925da726b50c4ed8d0fb90ad053324f31b,contract,End Receiver,1691461640,6
0x3089df0e2349faea1c8ec4a08593c137da10fe2d,eoa,Michael,1691711861,5
0xd90e2f925da726b50c4ed8d0fb90ad053324f31b,contract,End Receiver,1691461640,6
0x3089df0e2349faea1c8ec4a08593c137da10fe2d,eoa,Michael,1691711861,5
0xd90e2f925da726b50c4ed8d0fb90ad053324f31b,contract,End Receiver,1691461640,6
0x3089df0e2349faea1c8ec4a08593c137da10fe2d,eoa,Michael,1691711861,5
0xd90e2f925da726b50c4ed8d0fb90ad053324f31b,contract,End Receiver,1691461640,6
0x3089df0e2349faea1c8ec4a08593c137da10fe2d,eoa,Michael,1691711861,5
0xd90e2f925da726b50c4ed8d0fb90ad053324f31b,contract,End Receiver,1691461640,6
0x3089df0e2349faea1c8ec4a08593c137da10fe2d,eoa,Michael,1691711861,5
0xd90e2f925da726b50c4ed8d0fb90ad053324f31b,contract,End Receiver,1691461640,6
0x3089df0e2349faea1c8ec4a08593c137da10fe2d,eoa,Michael,1691711861,5
0xd90e2f925da726b50c4ed8d0fb90ad053324f31b,contract,End Receiver,1691461640,6
0x3089df0e2349faea1c8ec4a08593c137da10fe2d,eoa,Michael,1691711861,5
0xd90e2f925da726b50c4ed8d0fb90ad053324f31b,contract,End Receiver,1691461640,6
0x3089df0e2349faea1c8ec4a08593c137da10fe2d,eoa,Michael,1691711861,5
0xd90e2f925da726b50c4ed8d0fb90ad053324f31b,contract,End Receiver,1691461640,6
0x3089df0e2349faea1c8ec4a08593c137da10fe2d,eoa,Michael,1691711861,5
0xd90e2f925da726b50c4ed8d0fb90ad053324f31b,contract,End Receiver,1691461640,6
0x3089df0e2349faea1c8ec4a08593c137da10fe2d,eoa,Michael,1691711861,5
0xd90e2f925da726b50c4ed8d0fb90ad053324f31b,contract,End Receiver,1691461640,6
0x3089df0e2349faea1c8ec4a08593c137da10fe2d,eoa,Michael,1691711861,5
0xd90e2f925da726b50c4ed8d0fb90ad053324f31b,contract,End Receiver,1691461640,6
0x3089df0e2349faea1c8ec4a08593c137da10fe2d,eoa,Michael,1691711861,5
0xd90e2f925da726b50c4ed8d0fb90ad053324f31b,contract,End Receiver,1691461640,6
0x3089df0e2349faea1c8ec4a08593c137da10fe2d,eoa,Michael,1691711861,5
0xd90e2f925da726b50c4ed8d0fb90ad053324f31b,contract,End Receiver,1691461640,6
0x3089df0e2349faea1c8ec4a08593c137da10fe2d,eoa,Michael,1691711861,5
0xd90e2f925da726b50c4ed8d0fb90ad053324f31b,contract,End Receiver,1691461640,6
0x3089df0e2349faea1c8ec4a08593c137da10fe2d,eoa,Michael,1691711861,5
0xd90e2f925da726b50c4ed8d0fb90ad053324f31b,contract,End Receiver,1691461640,6
0x3089df0e2349faea1c8ec4a08593c137da10fe2d,eoa,Michael,1691711861,5
0xd90e2f925da726b50c4ed8d0fb90ad053324f31b,contract,End Receiver,1691461640,6
0x3089df0e2349faea1c8ec4a08593c137da10fe2d,eoa,Michael,1691711861,5
0xd90e2f925da726b50c4ed8d0fb90ad053324f31b,contract,End Receiver,1691461640,6
0xb0606f433496bf66338b8ad6b6d51fc4d84a44cd,eoa,Hacker Address A,1697085445,2
0x3089df0e2349faea1c8ec4a08593c137da10fe2d,eoa,Michael,1691711861,5
